"interconnection","MD_kWh_nox_AP3","MD_kWh_so2_AP3","MD_mi_nox","MD_mi_so2","total_md_mi"
"East",0.00259207188600889,0.0143411514753472,0.0803542284662756,1.43411514753472,1.514469376001
"Texas",0.000472286276291358,0.00163354631666944,0.0146408745650321,0.163354631666944,0.177995506231976
"West",0.000551891552003625,0.000503861439301263,0.0171086381121124,0.0503861439301263,0.0674947820422387
NA,NA,NA,NA,NA,NA
